# Austronesian (Glottolog 5.3) members in the eBible corpus; branch = Glottolog subgroup 2 level(s) below Austronesian
languageCode,branch
abx,Basap-Greater Barito
tdx,Basap-Greater Barito
yka,Basap-Greater Barito
bpr,Bilic
bps,Bilic
tbl,Bilic
tiy,Bilic
hvn,Bima-Lembata
nfa,Bima-Lembata
blz,Celebic
mzq,Celebic
pdo,Celebic
wlo,Celebic
abc,Central Luzon
sgb,Central Luzon
smk,Central Luzon
cha,Chamorro
aai,Eastern Malayo-Polynesian
adz,Eastern Malayo-Polynesian
aia,Eastern Malayo-Polynesian
amk,Eastern Malayo-Polynesian
apb,Eastern Malayo-Polynesian
apr,Eastern Malayo-Polynesian
aui,Eastern Malayo-Polynesian
bch,Eastern Malayo-Polynesian
bdd,Eastern Malayo-Polynesian
bgt,Eastern Malayo-Polynesian
bjk,Eastern Malayo-Polynesian
bjp,Eastern Malayo-Polynesian
bki,Eastern Malayo-Polynesian
bmk,Eastern Malayo-Polynesian
bnp,Eastern Malayo-Polynesian
buk,Eastern Malayo-Polynesian
bvd,Eastern Malayo-Polynesian
bwd,Eastern Malayo-Polynesian
bxh,Eastern Malayo-Polynesian
bzh,Eastern Malayo-Polynesian
chk,Eastern Malayo-Polynesian
dad,Eastern Malayo-Polynesian
dob,Eastern Malayo-Polynesian
dww,Eastern Malayo-Polynesian
emi,Eastern Malayo-Polynesian
far,Eastern Malayo-Polynesian
gfk,Eastern Malayo-Polynesian
ghn,Eastern Malayo-Polynesian
gvs,Eastern Malayo-Polynesian
haw,Eastern Malayo-Polynesian
hla,Eastern Malayo-Polynesian
hot,Eastern Malayo-Polynesian
hrw,Eastern Malayo-Polynesian
jae,Eastern Malayo-Polynesian
kbm,Eastern Malayo-Polynesian
khz,Eastern Malayo-Polynesian
kij,Eastern Malayo-Polynesian
klv,Eastern Malayo-Polynesian
kos,Eastern Malayo-Polynesian
kpg,Eastern Malayo-Polynesian
kqf,Eastern Malayo-Polynesian
kqw,Eastern Malayo-Polynesian
ksd,Eastern Malayo-Polynesian
ktm,Eastern Malayo-Polynesian
kud,Eastern Malayo-Polynesian
kwd,Eastern Malayo-Polynesian
kwf,Eastern Malayo-Polynesian
lbb,Eastern Malayo-Polynesian
lcm,Eastern Malayo-Polynesian
leu,Eastern Malayo-Polynesian
lga,Eastern Malayo-Polynesian
lgl,Eastern Malayo-Polynesian
lid,Eastern Malayo-Polynesian
lww,Eastern Malayo-Polynesian
mbh,Eastern Malayo-Polynesian
mee,Eastern Malayo-Polynesian
mek,Eastern Malayo-Polynesian
met,Eastern Malayo-Polynesian
meu,Eastern Malayo-Polynesian
mkj,Eastern Malayo-Polynesian
mmo,Eastern Malayo-Polynesian
mmx,Eastern Malayo-Polynesian
mna,Eastern Malayo-Polynesian
mox,Eastern Malayo-Polynesian
mpx,Eastern Malayo-Polynesian
mri,Eastern Malayo-Polynesian
mva,Eastern Malayo-Polynesian
mvn,Eastern Malayo-Polynesian
mwc,Eastern Malayo-Polynesian
mxm,Eastern Malayo-Polynesian
myw,Eastern Malayo-Polynesian
mzz,Eastern Malayo-Polynesian
nak,Eastern Malayo-Polynesian
nal,Eastern Malayo-Polynesian
ncf,Eastern Malayo-Polynesian
nho,Eastern Malayo-Polynesian
nlg,Eastern Malayo-Polynesian
nmw,Eastern Malayo-Polynesian
nrz,Eastern Malayo-Polynesian
nsn,Eastern Malayo-Polynesian
nss,Eastern Malayo-Polynesian
ntu,Eastern Malayo-Polynesian
nuq,Eastern Malayo-Polynesian
nwi,Eastern Malayo-Polynesian
omb,Eastern Malayo-Polynesian
pma,Eastern Malayo-Polynesian
pon,Eastern Malayo-Polynesian
pri,Eastern Malayo-Polynesian
ptp,Eastern Malayo-Polynesian
pwg,Eastern Malayo-Polynesian
rai,Eastern Malayo-Polynesian
rro,Eastern Malayo-Polynesian
rug,Eastern Malayo-Polynesian
sbe,Eastern Malayo-Polynesian
sgz,Eastern Malayo-Polynesian
snc,Eastern Malayo-Polynesian
sps,Eastern Malayo-Polynesian
ssg,Eastern Malayo-Polynesian
stw,Eastern Malayo-Polynesian
swp,Eastern Malayo-Polynesian
tbc,Eastern Malayo-Polynesian
tbf,Eastern Malayo-Polynesian
tbo,Eastern Malayo-Polynesian
tbx,Eastern Malayo-Polynesian
tgo,Eastern Malayo-Polynesian
tgp,Eastern Malayo-Polynesian
tnk,Eastern Malayo-Polynesian
tnn,Eastern Malayo-Polynesian
tnp,Eastern Malayo-Polynesian
ton,Eastern Malayo-Polynesian
tpa,Eastern Malayo-Polynesian
tpz,Eastern Malayo-Polynesian
tte,Eastern Malayo-Polynesian
tuc,Eastern Malayo-Polynesian
tvk,Eastern Malayo-Polynesian
ubr,Eastern Malayo-Polynesian
uli,Eastern Malayo-Polynesian
upv,Eastern Malayo-Polynesian
uvl,Eastern Malayo-Polynesian
viv,Eastern Malayo-Polynesian
wat,Eastern Malayo-Polynesian
wed,Eastern Malayo-Polynesian
wiv,Eastern Malayo-Polynesian
wuv,Eastern Malayo-Polynesian
xsi,Eastern Malayo-Polynesian
yap,Eastern Malayo-Polynesian
yml,Eastern Malayo-Polynesian
ymp,Eastern Malayo-Polynesian
agn,Greater Central Philippine
atd,Greater Central Philippine
bgs,Greater Central Philippine
bkd,Greater Central Philippine
ceb,Greater Central Philippine
cgc,Greater Central Philippine
clu,Greater Central Philippine
hil,Greater Central Philippine
klg,Greater Central Philippine
mbb,Greater Central Philippine
mbs,Greater Central Philippine
mbt,Greater Central Philippine
msb,Greater Central Philippine
msk,Greater Central Philippine
msm,Greater Central Philippine
obo,Greater Central Philippine
tgl,Greater Central Philippine
mqj,Greater South Sulawesi
ptu,Greater South Sulawesi
jvn,Javanesic
ind,Malayo-Chamic
mkn,Malayo-Chamic
zlm,Malayo-Chamic
agt,Northern Luzon
att,Northern Luzon
blw,Northern Luzon
dgc,Northern Luzon
ebk,Northern Luzon
ilo,Northern Luzon
kmk,Northern Luzon
kne,Northern Luzon
lbk,Northern Luzon
prf,Northern Luzon
xnn,Northern Luzon
alp,Nunusaku
aaz,Timor-Babar
bkx,Timor-Babar
heg,Timor-Babar
kje,Timor-Babar
lex,Timor-Babar
llg,Timor-Babar
rgu,Timor-Babar
row,Timor-Babar
tdt,Timor-Babar
tet,Timor-Babar
txq,Timor-Babar
